#item,x,y,dx,dy,label
0,158.0,12.6666666667,42.3291173753,44.9601804162,1
1,2.63157894737,253.684210526,28.2079166896,37.9239768827,1
2,5.26315789474,222.631578947,28.2079166896,34.1315791944,1
